name,invasive
361,nan
34,nan
1520,nan
730,nan
1314,nan
419,nan
690,nan
843,nan
966,nan
401,nan
699,nan
51,nan
644,nan
440,nan
344,nan
1526,nan
1320,nan
1194,nan
1389,nan
580,nan
253,nan
1336,nan
294,nan
1279,nan
1039,nan
1529,nan
379,nan
698,nan
911,nan
1055,nan
524,nan
1471,nan
571,nan
180,nan
1034,nan
1501,nan
556,nan
988,nan
1369,nan
312,nan
773,nan
867,nan
1327,nan
1521,nan
537,nan
281,nan
1144,nan
1037,nan
146,nan
1222,nan
140,nan
706,nan
743,nan
356,nan
1360,nan
210,nan
318,nan
1095,nan
1167,nan
695,nan
22,nan
840,nan
1196,nan
434,nan
970,nan
682,nan
612,nan
1416,nan
1335,nan
688,nan
450,nan
1097,nan
533,nan
751,nan
80,nan
269,nan
907,nan
453,nan
604,nan
369,nan
1473,nan
227,nan
841,nan
1266,nan
75,nan
208,nan
375,nan
1075,nan
1333,nan
927,nan
1332,nan
145,nan
1015,nan
739,nan
399,nan
49,nan
1174,nan
223,nan
383,nan
735,nan
796,nan
388,nan
879,nan
1233,nan
1040,nan
1256,nan
928,nan
172,nan
627,nan
940,nan
442,nan
1312,nan
1382,nan
493,nan
243,nan
1,nan
1504,nan
352,nan
91,nan
709,nan
1140,nan
488,nan
726,nan
570,nan
1271,nan
1395,nan
717,nan
1342,nan
529,nan
909,nan
1064,nan
692,nan
797,nan
959,nan
162,nan
567,nan
606,nan
1074,nan
1057,nan
495,nan
1228,nan
798,nan
135,nan
1018,nan
444,nan
1118,nan
761,nan
1444,nan
595,nan
501,nan
1318,nan
912,nan
1050,nan
1231,nan
195,nan
733,nan
87,nan
219,nan
917,nan
782,nan
1065,nan
1083,nan
581,nan
1418,nan
1447,nan
416,nan
500,nan
239,nan
838,nan
631,nan
1241,nan
535,nan
152,nan
1298,nan
1180,nan
1145,nan
339,nan
965,nan
1189,nan
689,nan
575,nan
763,nan
1432,nan
1212,nan
307,nan
410,nan
56,nan
190,nan
1179,nan
59,nan
134,nan
807,nan
1454,nan
314,nan
503,nan
427,nan
5,nan
998,nan
989,nan
818,nan
990,nan
703,nan
1249,nan
368,nan
561,nan
94,nan
718,nan
1129,nan
1363,nan
1286,nan
1289,nan
623,nan
270,nan
961,nan
555,nan
118,nan
1043,nan
673,nan
1503,nan
1001,nan
641,nan
1225,nan
377,nan
946,nan
822,nan
1048,nan
110,nan
707,nan
271,nan
1403,nan
642,nan
412,nan
1492,nan
530,nan
54,nan
326,nan
1394,nan
1524,nan
804,nan
835,nan
1519,nan
1208,nan
1433,nan
358,nan
1117,nan
564,nan
1209,nan
922,nan
766,nan
171,nan
372,nan
874,nan
222,nan
79,nan
1259,nan
483,nan
464,nan
1290,nan
1016,nan
1282,nan
367,nan
92,nan
958,nan
1345,nan
206,nan
950,nan
1269,nan
1191,nan
827,nan
1028,nan
1160,nan
752,nan
696,nan
557,nan
590,nan
1373,nan
426,nan
1517,nan
1268,nan
1164,nan
872,nan
394,nan
665,nan
218,nan
1311,nan
15,nan
846,nan
173,nan
1099,nan
96,nan
758,nan
143,nan
1422,nan
393,nan
1234,nan
245,nan
25,nan
1442,nan
585,nan
813,nan
234,nan
1252,nan
1398,nan
282,nan
1022,nan
61,nan
163,nan
1487,nan
7,nan
621,nan
1245,nan
217,nan
1464,nan
296,nan
1246,nan
40,nan
1390,nan
122,nan
267,nan
123,nan
149,nan
204,nan
1300,nan
482,nan
957,nan
1046,nan
578,nan
1143,nan
259,nan
1210,nan
1507,nan
1114,nan
226,nan
651,nan
1104,nan
978,nan
919,nan
1367,nan
828,nan
732,nan
728,nan
338,nan
869,nan
111,nan
189,nan
714,nan
691,nan
1485,nan
306,nan
481,nan
1096,nan
1021,nan
460,nan
432,nan
263,nan
192,nan
1216,nan
1322,nan
184,nan
109,nan
721,nan
868,nan
214,nan
277,nan
1384,nan
421,nan
568,nan
154,nan
1170,nan
1415,nan
548,nan
617,nan
1498,nan
794,nan
915,nan
467,nan
1030,nan
856,nan
949,nan
1423,nan
313,nan
1185,nan
240,nan
1041,nan
768,nan
244,nan
88,nan
1375,nan
1175,nan
855,nan
777,nan
150,nan
1123,nan
1364,nan
821,nan
179,nan
525,nan
762,nan
1217,nan
881,nan
1308,nan
1385,nan
373,nan
255,nan
1005,nan
618,nan
597,nan
955,nan
976,nan
158,nan
920,nan
1302,nan
1494,nan
936,nan
1496,nan
724,nan
24,nan
999,nan
629,nan
1351,nan
328,nan
165,nan
643,nan
365,nan
648,nan
354,nan
736,nan
200,nan
468,nan
249,nan
1273,nan
517,nan
452,nan
153,nan
246,nan
1070,nan
289,nan
16,nan
1091,nan
845,nan
285,nan
423,nan
681,nan
183,nan
574,nan
1076,nan
964,nan
1435,nan
1081,nan
409,nan
512,nan
81,nan
897,nan
8,nan
787,nan
865,nan
252,nan
155,nan
1035,nan
381,nan
436,nan
1224,nan
191,nan
1350,nan
918,nan
264,nan
14,nan
1159,nan
896,nan
89,nan
1508,nan
1341,nan
878,nan
1349,nan
188,nan
480,nan
1410,nan
1283,nan
1120,nan
57,nan
1448,nan
1357,nan
1370,nan
859,nan
198,nan
1227,nan
723,nan
1430,nan
420,nan
508,nan
329,nan
1147,nan
536,nan
1042,nan
157,nan
1285,nan
630,nan
1467,nan
1358,nan
359,nan
1183,nan
660,nan
1412,nan
1023,nan
489,nan
1157,nan
905,nan
956,nan
322,nan
101,nan
1219,nan
136,nan
1211,nan
883,nan
1409,nan
1484,nan
837,nan
1215,nan
666,nan
1187,nan
185,nan
1188,nan
337,nan
953,nan
93,nan
390,nan
734,nan
425,nan
1406,nan
945,nan
1518,nan
982,nan
633,nan
844,nan
904,nan
1321,nan
832,nan
9,nan
1391,nan
258,nan
898,nan
105,nan
655,nan
19,nan
461,nan
656,nan
360,nan
769,nan
562,nan
712,nan
888,nan
1476,nan
1207,nan
254,nan
1445,nan
1235,nan
47,nan
1141,nan
273,nan
1404,nan
1139,nan
824,nan
573,nan
284,nan
851,nan
1161,nan
527,nan
126,nan
684,nan
509,nan
910,nan
45,nan
1158,nan
711,nan
532,nan
1516,nan
1101,nan
97,nan
790,nan
875,nan
85,nan
364,nan
1237,nan
117,nan
230,nan
1182,nan
1150,nan
764,nan
857,nan
977,nan
969,nan
560,nan
1438,nan
1466,nan
378,nan
1340,nan
471,nan
715,nan
705,nan
943,nan
1387,nan
1439,nan
287,nan
1434,nan
1421,nan
1247,nan
1417,nan
1303,nan
55,nan
433,nan
437,nan
44,nan
663,nan
895,nan
1126,nan
778,nan
820,nan
395,nan
1274,nan
1429,nan
4,nan
1488,nan
1080,nan
1087,nan
833,nan
400,nan
229,nan
825,nan
66,nan
27,nan
35,nan
1405,nan
880,nan
829,nan
170,nan
1009,nan
228,nan
628,nan
1229,nan
716,nan
431,nan
737,nan
26,nan
201,nan
499,nan
1137,nan
213,nan
647,nan
1136,nan
902,nan
1067,nan
1267,nan
106,nan
1408,nan
847,nan
275,nan
774,nan
1470,nan
479,nan
86,nan
931,nan
866,nan
884,nan
1226,nan
203,nan
1111,nan
1343,nan
1316,nan
43,nan
300,nan
801,nan
1116,nan
317,nan
1153,nan
951,nan
1177,nan
727,nan
1497,nan
1325,nan
231,nan
251,nan
747,nan
1337,nan
1098,nan
1431,nan
1230,nan
443,nan
1031,nan
351,nan
1257,nan
887,nan
1138,nan
1223,nan
319,nan
502,nan
1110,nan
742,nan
1301,nan
1192,nan
672,nan
177,nan
1468,nan
455,nan
652,nan
664,nan
107,nan
1392,nan
635,nan
1106,nan
1400,nan
174,nan
144,nan
132,nan
1272,nan
852,nan
448,nan
588,nan
563,nan
756,nan
129,nan
1465,nan
1011,nan
810,nan
355,nan
1277,nan
1402,nan
802,nan
693,nan
414,nan
486,nan
1388,nan
1281,nan
41,nan
403,nan
276,nan
776,nan
64,nan
860,nan
496,nan
175,nan
892,nan
343,nan
1424,nan
76,nan
169,nan
1258,nan
987,nan
1108,nan
1184,nan
638,nan
700,nan
1378,nan
1278,nan
848,nan
336,nan
871,nan
31,nan
939,nan
1134,nan
302,nan
1253,nan
1029,nan
729,nan
1251,nan
615,nan
819,nan
667,nan
1451,nan
994,nan
494,nan
238,nan
632,nan
60,nan
1206,nan
1113,nan
1293,nan
899,nan
891,nan
404,nan
1069,nan
1339,nan
1393,nan
1244,nan
1171,nan
387,nan
545,nan
645,nan
1024,nan
1329,nan
1362,nan
304,nan
280,nan
1240,nan
121,nan
1082,nan
1112,nan
1348,nan
601,nan
1486,nan
1495,nan
199,nan
1115,nan
1294,nan
605,nan
1450,nan
704,nan
1326,nan
658,nan
1265,nan
1506,nan
760,nan
814,nan
168,nan
984,nan
1263,nan
477,nan
1527,nan
954,nan
196,nan
1079,nan
1475,nan
713,nan
972,nan
870,nan
82,nan
291,nan
211,nan
1359,nan
327,nan
740,nan
1477,nan
120,nan
1420,nan
1366,nan
362,nan
1480,nan
295,nan
316,nan
799,nan
250,nan
661,nan
944,nan
1066,nan
429,nan
903,nan
594,nan
247,nan
789,nan
459,nan
815,nan
102,nan
676,nan
668,nan
1197,nan
1324,nan
1383,nan
363,nan
1200,nan
576,nan
1462,nan
906,nan
1132,nan
167,nan
334,nan
679,nan
473,nan
1238,nan
1017,nan
811,nan
745,nan
702,nan
69,nan
697,nan
942,nan
1381,nan
405,nan
233,nan
33,nan
1093,nan
1169,nan
1250,nan
1151,nan
1107,nan
77,nan
1063,nan
952,nan
371,nan
221,nan
914,nan
849,nan
113,nan
609,nan
504,nan
366,nan
863,nan
924,nan
1441,nan
18,nan
348,nan
558,nan
785,nan
430,nan
2,nan
268,nan
793,nan
469,nan
1365,nan
1295,nan
1073,nan
345,nan
649,nan
812,nan
1049,nan
572,nan
1149,nan
803,nan
1026,nan
1305,nan
492,nan
1148,nan
741,nan
17,nan
98,nan
340,nan
654,nan
720,nan
454,nan
487,nan
23,nan
862,nan
528,nan
1012,nan
1152,nan
1142,nan
50,nan
754,nan
131,nan
1239,nan
582,nan
1457,nan
894,nan
1376,nan
115,nan
1296,nan
71,nan
209,nan
462,nan
1125,nan
332,nan
1163,nan
830,nan
1344,nan
538,nan
1072,nan
586,nan
451,nan
1368,nan
834,nan
1130,nan
839,nan
1386,nan
1306,nan
1186,nan
1407,nan
1202,nan
1419,nan
139,nan
62,nan
1000,nan
78,nan
1425,nan
546,nan
465,nan
384,nan
90,nan
3,nan
194,nan
592,nan
809,nan
1355,nan
1276,nan
1304,nan
335,nan
415,nan
963,nan
446,nan
1232,nan
935,nan
694,nan
1528,nan
800,nan
485,nan
979,nan
534,nan
551,nan
1038,nan
1399,nan
11,nan
985,nan
1154,nan
160,nan
1062,nan
445,nan
100,nan
1472,nan
39,nan
1356,nan
498,nan
795,nan
407,nan
161,nan
1502,nan
659,nan
1347,nan
708,nan
523,nan
1310,nan
1505,nan
1007,nan
1248,nan
1483,nan
1456,nan
1443,nan
474,nan
1455,nan
324,nan
1086,nan
28,nan
792,nan
1047,nan
408,nan
490,nan
1328,nan
1474,nan
1092,nan
783,nan
193,nan
349,nan
186,nan
1105,nan
975,nan
342,nan
1014,nan
141,nan
1510,nan
1334,nan
439,nan
1481,nan
341,nan
428,nan
1204,nan
95,nan
1032,nan
32,nan
553,nan
449,nan
212,nan
584,nan
1122,nan
542,nan
133,nan
417,nan
908,nan
1280,nan
719,nan
1013,nan
159,nan
310,nan
991,nan
1003,nan
900,nan
1319,nan
1254,nan
1261,nan
382,nan
1103,nan
68,nan
744,nan
669,nan
1284,nan
653,nan
380,nan
1054,nan
505,nan
1292,nan
156,nan
36,nan
116,nan
370,nan
10,nan
1469,nan
283,nan
1213,nan
938,nan
1214,nan
112,nan
611,nan
1460,nan
634,nan
232,nan
513,nan
784,nan
1287,nan
731,nan
1530,nan
1199,nan
205,nan
331,nan
1515,nan
893,nan
755,nan
119,nan
435,nan
1178,nan
520,nan
257,nan
765,nan
640,nan
1509,nan
1489,nan
1346,nan
147,nan
974,nan
288,nan
1119,nan
620,nan
176,nan
1313,nan
128,nan
21,nan
286,nan
886,nan
1513,nan
1428,nan
1133,nan
130,nan
779,nan
1255,nan
680,nan
1045,nan
993,nan
475,nan
1173,nan
124,nan
591,nan
457,nan
510,nan
876,nan
850,nan
549,nan
274,nan
164,nan
780,nan
83,nan
1401,nan
1128,nan
854,nan
1221,nan
890,nan
596,nan
1379,nan
484,nan
507,nan
1436,nan
148,nan
303,nan
411,nan
1068,nan
438,nan
1377,nan
1453,nan
321,nan
600,nan
624,nan
58,nan
397,nan
554,nan
1413,nan
103,nan
1190,nan
1051,nan
260,nan
992,nan
1102,nan
1315,nan
670,nan
541,nan
104,nan
215,nan
934,nan
646,nan
1371,nan
889,nan
424,nan
385,nan
1059,nan
305,nan
1493,nan
166,nan
1077,nan
1491,nan
701,nan
1242,nan
1449,nan
1243,nan
1511,nan
746,nan
882,nan
788,nan
1084,nan
710,nan
497,nan
566,nan
1317,nan
12,nan
1260,nan
1008,nan
1397,nan
786,nan
677,nan
1089,nan
980,nan
921,nan
981,nan
547,nan
478,nan
1523,nan
771,nan
1270,nan
683,nan
531,nan
997,nan
1198,nan
470,nan
1027,nan
1264,nan
262,nan
1372,nan
290,nan
389,nan
791,nan
1090,nan
29,nan
1411,nan
1146,nan
181,nan
224,nan
579,nan
1288,nan
320,nan
422,nan
297,nan
1426,nan
1002,nan
1309,nan
662,nan
308,nan
1500,nan
639,nan
1458,nan
1291,nan
1121,nan
577,nan
1058,nan
178,nan
1331,nan
1131,nan
1053,nan
738,nan
456,nan
861,nan
626,nan
625,nan
971,nan
539,nan
614,nan
1338,nan
722,nan
1531,nan
466,nan
602,nan
42,nan
923,nan
333,nan
1135,nan
1479,nan
725,nan
770,nan
1352,nan
901,nan
441,nan
1218,nan
30,nan
559,nan
1010,nan
932,nan
757,nan
1452,nan
960,nan
1165,nan
1236,nan
1525,nan
583,nan
996,nan
301,nan
607,nan
1307,nan
38,nan
376,nan
836,nan
299,nan
241,nan
272,nan
458,nan
323,nan
775,nan
265,nan
207,nan
1166,nan
806,nan
1330,nan
598,nan
1354,nan
476,nan
236,nan
986,nan
1127,nan
1020,nan
781,nan
325,nan
1353,nan
406,nan
1220,nan
242,nan
930,nan
613,nan
877,nan
1463,nan
610,nan
72,nan
983,nan
472,nan
603,nan
1374,nan
1162,nan
114,nan
374,nan
330,nan
1414,nan
1061,nan
1019,nan
519,nan
52,nan
248,nan
220,nan
1262,nan
808,nan
686,nan
1396,nan
1299,nan
1168,nan
463,nan
1482,nan
235,nan
593,nan
350,nan
347,nan
569,nan
266,nan
127,nan
1088,nan
1478,nan
391,nan
759,nan
544,nan
995,nan
853,nan
70,nan
311,nan
750,nan
599,nan
402,nan
46,nan
392,nan
53,nan
687,nan
357,nan
65,nan
916,nan
616,nan
1033,nan
1078,nan
521,nan
418,nan
506,nan
396,nan
948,nan
225,nan
650,nan
962,nan
1056,nan
772,nan
816,nan
1195,nan
491,nan
842,nan
526,nan
749,nan
1380,nan
48,nan
237,nan
550,nan
1203,nan
858,nan
675,nan
540,nan
543,nan
967,nan
753,nan
398,nan
182,nan
346,nan
261,nan
674,nan
1427,nan
37,nan
515,nan
1512,nan
657,nan
1156,nan
1071,nan
13,nan
1361,nan
1193,nan
202,nan
279,nan
823,nan
1437,nan
826,nan
1323,nan
947,nan
748,nan
522,nan
608,nan
292,nan
386,nan
1176,nan
511,nan
1044,nan
142,nan
1459,nan
587,nan
293,nan
298,nan
1100,nan
1094,nan
589,nan
516,nan
84,nan
619,nan
187,nan
278,nan
1461,nan
125,nan
1514,nan
1205,nan
74,nan
1109,nan
685,nan
1522,nan
256,nan
447,nan
636,nan
514,nan
197,nan
817,nan
937,nan
1297,nan
671,nan
637,nan
805,nan
1085,nan
831,nan
63,nan
216,nan
552,nan
1181,nan
1172,nan
1025,nan
1004,nan
1060,nan
678,nan
767,nan
1036,nan
864,nan
913,nan
1490,nan
6,nan
1006,nan
973,nan
1440,nan
99,nan
929,nan
1052,nan
925,nan
108,nan
138,nan
885,nan
151,nan
1155,nan
353,nan
933,nan
1124,nan
413,nan
309,nan
518,nan
968,nan
941,nan
1499,nan
1446,nan
67,nan
20,nan
137,nan
926,nan
73,nan
565,nan
315,nan
1201,nan
622,nan
1275,nan
873,nan
